[
	{
			"Key": "417abd5ee6fe1e666a28bf59fa2810da12324cff31d54a4bdc289657b5f56c91",
			"Record": {
					"action": "ADD",
					"address": "address",
					"arrival": "arrival",
					"arrivalDate": "arrivalDate",
					"bookingNo": "bookingNo",
					"certificateAuthority": "certificateAuthority",
					"citizenshipCountry": "citizenshipCountry",
					"city": "city",
					"departure": "departure",
					"dob": "dob",
					"docType": "hlFederalEvent",
					"eTicketNo": "eTicketNo",
					"eventTime": "2017-03-25T17:10:16Z",
					"firstName": "firstName-t",
					"lastName": "lastName",
					"name": "name",
					"passportNo": "passportNo",
					"purposeOfVisit": "purposeOfVisit",
					"registrationQRCode": "registrationQRCode",
					"roomNo": "roomNo",
					"routing": "routing",
					"visaNo": "visaNo"
			}
	},
	{
			"Key": "558c68ef716a15f70898034d15a6969ca6fd0341dcc4da86e672ee6f5a77add5",
			"Record": {
					"action": "ADD",
					"address": "address",
					"arrival": "arrival",
					"arrivalDate": "arrivalDate",
					"bookingNo": "bookingNo",
					"certificateAuthority": "certificateAuthority",
					"citizenshipCountry": "citizenshipCountry",
					"city": "city",
					"departure": "departure",
					"dob": "dob",
					"docType": "hlFederalEvent",
					"eTicketNo": "eTicketNo",
					"eventTime": "2017-03-25T17:10:16Z",
					"firstName": "firstName-t",
					"lastName": "lastName",
					"name": "name",
					"passportNo": "passportNo",
					"purposeOfVisit": "purposeOfVisit",
					"registrationQRCode": "registrationQRCode",
					"roomNo": "roomNo",
					"routing": "routing",
					"visaNo": "visaNo"
			}
	},
	{
			"Key": "c43d6ba0d5219e37bf2507feff6d5b605013e486b4c7dec287ac263e11e72402",
			"Record": {
					"action": "ADD",
					"address": "address",
					"arrival": "arrival",
					"arrivalDate": "arrivalDate",
					"bookingNo": "bookingNo",
					"certificateAuthority": "certificateAuthority",
					"citizenshipCountry": "citizenshipCountry",
					"city": "city",
					"departure": "departure",
					"dob": "dob",
					"docType": "hlFederalEvent",
					"eTicketNo": "eTicketNo",
					"eventTime": "2017-03-25T17:10:16Z",
					"firstName": "firstName-t",
					"lastName": "lastName",
					"name": "name",
					"passportNo": "passportNo",
					"purposeOfVisit": "purposeOfVisit",
					"registrationQRCode": "registrationQRCode",
					"roomNo": "roomNo",
					"routing": "routing",
					"visaNo": "visaNo"
			}
	},
	{
			"Key": "d451090b8421933c09d95c264565c41cf3d7bfff2c5da1692e49b29ef29f5257",
			"Record": {
					"action": "ADD",
					"address": "address",
					"arrival": "arrival",
					"arrivalDate": "arrivalDate",
					"bookingNo": "bookingNo",
					"certificateAuthority": "certificateAuthority",
					"citizenshipCountry": "citizenshipCountry",
					"city": "city",
					"departure": "departure",
					"dob": "dob",
					"docType": "hlFederalEvent",
					"eTicketNo": "eTicketNo",
					"eventTime": "2017-03-25T17:10:16Z",
					"firstName": "firstName-t",
					"lastName": "lastName",
					"name": "name",
					"passportNo": "passportNo",
					"purposeOfVisit": "purposeOfVisit",
					"registrationQRCode": "registrationQRCode",
					"roomNo": "roomNo",
					"routing": "routing",
					"visaNo": "visaNo"
			}
	}
]